Komentar,Value
request bahas hp doogee pro,bukan spam
splash proof,spam
daddy gee,bukan spam
review powerbank magsafe iphone apple harga jt merk rb an,bukan spam
coba rivew hp redmagic pro seri bumble bee,bukan spam
doa boar cepet sembuh,spam
request unboxing google pixel baru,bukan spam
tim nonton beli,spam
cakep banget vivo,bukan spam
link order,spam
murah mata,spam
adain giveaway,spam
request review pova tecno tunggu,bukan spam
beli,spam
malam kk,spam
give away hp,spam
tolong rekomendasi hp juta gaming kamera bagus,bukan spam
iklan shopee,spam
artis bongge,spam
review speaker aktif jenis partybox,bukan spam
vivo oppo,spam
link shopee vivo httpsshopeeefrwndxwo,spam
ken,spam
umpama sulit tidur bca halus allahulaaaaaillahaillahuwaalhayyulqoyyumla takhudzuhusinatuwwalaanaum ulang tidur,spam
if cant sleep say allahulaaaaaillahaillahuwaalhayyulqoyyumla takhudzuhusinatuwwalaanaum again and again,spam
pls rekomendasi hp brp aja harga jt main game hh roblox zpt ff sm pubg jg suka selfie req harga offline jgn online,spam
mending iphone,bukan spam
hp impi,spam
keren,spam
mending pro,spam
wow,spam
fps,spam
bangg please review realme narzo prime donggggg,bukan spam
doa in biar kerja,spam
review tecno pova,bukan spam
mauuuuuu dund,spam
wowww bngt,spam
bahas fixed mobile convergence kegunaanya sistem kerja,bukan spam
congratulations you have been selected amongst our shortlisted winners,spam
dm an claim your prize,spam
dm an claim your prize,spam
review hp tecno pova,bukan spam
rekomendasi powerbank bagus tahan murah,bukan spam
coba bikin pc gaming jt an,bukan spam
tolong review hp tes main game tower of fantasy game berat kelas genshin impact biar tau forma,bukan spam
alhamdulillah,spam
misteri box kak,spam
misteri box kak,spam
realme gt pro aja,bukan spam
ngiler renot pro,bukan spam
rekomendesikan hp hrg jtan jtaan taun pliss,bukan spam
review pos terminal,bukan spam
lu gak review motorola razr,bukan spam
coba review red magic pro transformers edition,bukan spam
moga hp gaming,bukan spam
bahas asus zenfone dung,bukan spam
banding hape flagship bbrp gan,bukan spam
stibilizer gak,bukan spam
keren vivo,bukan spam
coba review hp samsung kalo bom,bukan spam
pingin downgrade smartphone dumbphone krn jauhin sosmed rekomendasi brand bagus,bukan spam
bahas samsung galaxy beam,bukan spam
bikin video hp gaming performa baik,bukan spam
kalo review rekam kamera dijadiin fps,bukan spam
cari hp mending aiphone biar mahal level perfomac,bukan spam
biat vidio hp ip murah,bukan spam
bro gk bikin review lenovo legion saing ipad mini loh tablet inch perfect gaming tablet android gk spek ipad mini,bukan spam
review oppo,bukan spam
hp tecno,bukan spam
bajet jt mending beli aipone second poco pro,bukan spam
terima kasih reviewnya kak vivo,bukan spam
team dang mending mending redmi wkwkwkwkwk,bukan spam
coba review ho nokia xpressaudio,bukan spam
review hp tecno pova,spam
review ipad air,bukan spam
moga baca,spam
bahas nokia dooong,bukan spam
redmi note pro rilis,bukan spam
anboxsing iphoneflip,bukan spam
thanks for watching and commenting telegram me to claim your prize,spam
review vivo,bukan spam
rekomendasiin hp jt bawah lancar main game berat,bukan spam
hp mahal hp murah spek gaming,bukan spam
sadar hamba tuhan haluan,spam
slot kk kah,bukan spam
coba solana saga napa,spam
nyadar gakali video ga terang teks,bukan spam
penasaran hp juta kemarin xioami bongkar ken tau kamera beneran biji biji,bukan spam
rekomendasi hp android iphone,bukan spam
bahas asus zenfone,bukan spam
pliss,bukan spam
ngikuti chanel abang gak telat nonton hadiah biar berkah murah aja,spam
hallo guys slinggggggggg siniiii,bukan spam
ngomong harga jt tim dang mending dah,bukan spam
uda hp cina gk tahan air mahal pulak tu mending samsung harga juta uda tahan air,bukan spam
gan agan saran hp performa baik jt geming,bukan spam
emang gtu indonesia mao keluarin bas juta slain iphone nd samsung,bukan spam
review tws udh pilih,bukan spam
beli hias anak bini juta beli hp mas mudah qobul hajat sperti teman beli hp mahal mudah sukses dunia youtube,bukan spam
mending beli motor hp bas juta gitu mah,bukan spam
moga gw ken ganti upgrade hp tolong riview hp jtjuta dikit,bukan spam
spek mantap chipsetbaru nabung sih btw usaha ngumpulin minimal juta amin moga sih amin,bukan spam
tolong bahas brand xiaomi realme infinix,bukan spam
pin biar ibu bangga,bukan spam
unboxing nokia donk baru,bukan spam
davidmo donk,bukan spam
stelah hp revew djual lg gk hp,bukan spam
donk klu djual lg,bukan spam
hehehehe,bukan spam
irsal yuniar nama type xiomay kualitas dewa milih iphone segi apa lawak biawak,bukan spam
eren jaeger xiaomi druun,bukan spam
buta lau dg xiaomi spek dewa harga jangkau,bukan spam
irsal yuniar hape spek lu sebutin,bukan spam
muh rafli bayang harga segitu mahal spek maximal,bukan spam
main teknik marketing,bukan spam
target loh bro,bukan spam
nunggu samsung galaxy flip,bukan spam
pro sayang video kamera,bukan spam
tengah konten rekomen hp tengah tahun,bukan spam
hp nganggur,bukan spam
video cakep banget,bukan spam
mix fold,bukan spam
coba bahas hp mantan flagship,bukan spam
doain daftar indomaret moga terimaa,bukan spam
wibu pake topi cuk,bukan spam
antengs oke makasihh,spam
kek vivo kalo biarin menggilaaa,spam
unboxing asus zenfone penasaran hp compact,spam
tips layar renot pro responsif touch delay parah banget ngetik aja susah,spam
tips layar renot responsif touch delay parah banget ngetik aja susah,spam
realme,spam
mantap vivo,bukan spam
gmn hpnya enak gak performa,spam
coba review iphone pstre,spam
uji pake hape juta,spam
httpsyoutubeyqvcdjsge,spam
murah,spam
tuju,spam
review tecno pova,spam
tolong review ferdi sambo,spam
hahahaha,spam
good,spam
oke,spam
joss,spam
up,spam
orang manggil ga make kacamata,spam
bangkapan bahas oppo ken banget denger abang review,bukan spam
aplikasiofficial,spam
bismillah,spam
aamiin,spam
tetep mahal,spam
duitt tu lumayan,spam
mantap banget vivo,bukan spam
wubba lubba dub dub,spam
review,bukan spam
selamat doa kabul,spam
up,spam
kejar target siap anak lahir,spam
ehe,spam
intel core duo ghz,spam
nvidia geforce,spam
hdd gb,spam
ram gb ddr,spam
gak bosen nonton konten,bukan spam
tumben sepi,spam
lu ngga sanggup beli wkwk,spam
sukses smoga ikut semangat chanel,bukan spam
infinix note,spam
hmmm,spam
nice,spam
linkhttpsyoutubewasajospte,spam
yup,spam
ush susah susah bedain pro reguler ny sm sm mahal,spam
review nokia xpressaudio,spam
mantab,spam
httpsyoutubefcbwuxtjg,spam
mantap,spam
cek harga vivo,spam
httpsshopeeetqykkhu,spam
cakep,spam
yok yok,spam
hadirrrr,spam
pixie,spam
makasih,spam
ngapain tu orang beli vivo mahal kena genjutsu level hokage kah,spam
canda doang singgung kwkwkkw,spam
nunggu second dah jtan,spam
halo guys vivo,spam
last fight httpsyoutubegnqxoom,spam
last fight httpsyoutubeyrjhjmbko,spam
assalamualaikum,spam
last fight httpsyoutubeiceehtwdwc,spam
revanda anugerah beli kudu nguli bosqyu ngap ngapan hahaha,spam
httpsyoutubejpjvsshym,spam
wajib pin,spam
mmmm iya,spam
blog,spam
yey,spam
bertama viwer,spam
telat mnit,spam
nonton,spam
wtf,spam
absen,spam
kelaz,spam
mantap,spam
doain orang cepet sembuh sakit,spam
aja doain dosa nggak kurang,spam
amin,spam
uo,spam
subrerek ygs,spam
uda rame anjir,spam
menit lo,spam
menit dah puluh komen,spam
jir cepet bat komen,spam
gg,spam
halo tonton,spam
detik,spam
tim gerjep,spam
first,spam
biang,spam
gg sih,spam
hadir,spam
gw garcep,spam
empat,spam
pertamax,spam
hai,spam
here before that timestamps guy,spam
tasikmalaya hadir,spam
anjay,spam
istilah ente kadang,spam
halo ges,spam
hallo kk,spam
wow,spam
halo,spam
lampung hadir,spam
pansos,spam
nyimak,spam
hlooo,spam
asikkkkk semangat ngab,spam
hahahahah sapa,spam
halo,spam
hehe,spam
kira,spam
hi,spam
hm,spam
frist,spam
halo,spam
hi,spam
keduaa wkwk,spam
sapa,spam
hadir,spam
hiyyah,spam
one,spam
detik,spam
iya,spam
first,spam
firts,spam
ratus,spam
bajigur,spam
ey,spam
nt,spam
pertana,spam
jacky yy anjass,spam
terima kasih,spam
kerenn,spam
waw,spam
httpsyoutubehkhbzssaqa recomend,spam
senter tai,spam
wanokuni,spam
hai,spam
yuk yukk yukk httpsyoutubejgjhtoxrnpo,spam
seru bgt liat ngonten gin kek tukang prabotan jdinya wkwkwk,bukan spam
gaskeun,spam
pliissssss,spam
tu,spam
httpsyoutubeubyvlfbxgoe,spam
greget,spam
kaos bagus,spam
realme ka penasaran harga qualitas,spam
ohhhh anjay,spam
semangat,bukan spam
yoi,spam
mantap,spam
cluster caslano,spam
citra raya tangeranghome resort garden house type,spam
luas lahan lega juta aja,spam
lb lt,spam
lb lt,spam
mal ciputra tangerang,spam
dp bayar juta langsung akad,spam
video behind the scene iklan tokopedia gak,bukan spam
lampu rgb,spam
definisi sulit hidup,spam
deal,spam
setujuhhhh,spam
httpsyoutubedsgpejo bangga,spam
hi hi hi barang aneh vibrator,spam
spill tshirt hehe,bukan spam
nahh mantepp barang aneh lgi,bukan spam
asiappp,spam
suka penutupnyaaaaa,bukan spam
kyaknya,spam
haghaghag,spam
nyimak,spam
tai rgb aowkwkwkkwwkek,spam
yaha,spam
ohh anjay,spam
wkwkwk,spam
kocak,spam
seru sih,spam
linkhttpsyoutubeulvancsuog,spam
heheyyy,spam
keren,spam
hahaha,spam
cabut biji httpstokopedialinkwrymmalgsb barang bilang kalah fungsi alat httpstokopedialinktvdpgsb,spam
hahaha,spam
hallo,spam
iya,spam
wih,spam
inget channel httpswwwyoutubecomwatchvggajmxwifcts,spam
yuhuuii,spam
iya,spam
hahaha ngakak,spam
seruuu,spam
ahahaha,spam
kerja praktek diam,spam
telur,spam
asiik,spam
ketawa,spam
ngakak,spam
gercep,spam
kangen,spam
muncul,spam
wajib pin,spam
makan,spam
video keren,spam
keren,spam
subscribe,spam
first,spam
absen,spam
hadir,spam
ribu,spam
lupa,spam
typo,spam
ok,spam
mnta link tokopedia nyaaa,spam
memang,spam
wadidaw,spam
sukses,spam
gila sih video httpsyoutubexwbfwqewh,spam
kelasz,spam
mantap euy,spam
komen,spam
dewa,spam
hadir,spam
tes,spam
komen,spam
yah gak peetama,spam
yah gua lambat,spam
nahh,spam
kyahh,spam
anjay,spam
ketigax,spam
tiga,spam
no,spam
gg,spam
bohong tanboykun cuman promosi doang iklan bayar endor doang laptop andal endores,bukan spam
undang monster mukbang ajak makan carolina reaper,bukan spam
perut lu gede samudra asia,bukan spam
nonton bara hibur ngga kecewa,bukan spam
sok gigit tuh tim kameramen lu nggak daging wagyunya,bukan spam
muslim makan jgn bunyi,bukan spam
sambal pecah minyak risau sakit perut makan serum,bukan spam
am tengok video ni mmg cravings gila nak makan nasi lemakthis is nd times kun masak makan nasi lemakterbaiklahsalam dr malaysia,bukan spam
nkri harga tahi,bukan spam
malaysia panggil sambal tumis,spam
salam sambal terasi brand uleg sambal nasi lemak malaysia,bukan spam
bilis bkn bilih hehehehe,bukan spam
kaka magdalena katholik agamanyasama klw gitu,bukan spam
tips istirahat fikiran,spam
sehat sukses bara kak makdalena,spam
tipes ga,bukan spam
moga bara sehat chanel berkem sam pe jt sebscriber,bukan spam
mukbang mie kuah pakai charolina reper,bukan spam
assalamualaikum,spam
wow bikin ngiler,bukan spam
mukbang nasi padang,spam
makan restoran iben,spam
wkwk,spam
hallo,spam
mantap httpsyoutubeejyfakplyya,spam
moga baca amiin,spam
wanjay,spam
hahhhaha,spam
seru banget,spam
salam sehat,spam
eh sange maksud,spam
mantap bar bar,spam
video kun racun makan,spam
bismillahirahmanirahimassalamualaikum mari samasama selawat baginda nabi muhammad sallallahu alaihi wasallam,spam
video baru,spam
mampir liat tambo kun bilang kenyanghttpsyoutubecomshortswzvjvvybpfeatureshare,spam
kuy kuy bar,spam
hadirrr,spam
link beli alat masak kualitas rekomendasi artis merk steincookware,spam
stein diamond kitchen knife in set pisau,spam
tangerang httpsshopeeeeuqfef,spam
bandung httpsshopeeefvmizhh,spam
jakarta httpsshopeeeuabtbvjvs,spam
surabaya httpsshopeeearcjnzhr,spam
stein glow pan series httpsshopeeeuicksxax,spam
stein flip spatula pink httpsshopeeezpxjlpftu,spam
stein sutil spatula masak httpsshopeeeuxxdppl,spam
stein steinsterilizer smart board indonesia httpsshopeeeoyejxwap,spam
moga manfaat informasi cantik dapur bundabunda,spam
steincookware,spam
glowpan,spam
steinsterilizer,spam
moga gemplay ff meng hibur,spam
cuman video tanboykun bilang kenyang,spam
last fight httpsyoutubejyvwubjms,spam
jngn cek chnl gw nnti cndu,spam
moga sukses httpsyoutuberbppubcopw,spam
duh enak,spam
moga give away,spam
assalamualaikum warahmatullahi wabarakatuh jazakumullah khair,spam
hadir,spam
hmm,spam
like,spam
pin gw,spam
wowolwkwok,spam
halo,spam
banggg,spam
wowww,spam
mantappp,spam
fist,spam
wowwwww,spam
mantapp bangg salam malaysia hadir tanda support selamat merdeka smuaa,bukan spam
nasi lemak riau,bukan spam
salam indonesia,bukan spam
mantap tamboikun,bukan spam
mantap,bukan spam
cinta pedas semenjak pas abis makan pedes trus muntah udh gsberani makan pedes,bukan spam
tips makan,spam
makan saat lapar pagi jam malam makan,spam
makan siang jam,spam
onani kamar istri hubung intim biar sperma malam lemas pagi lapar,spam
wih mantap gak cuman makan masak keren tanboykun,bukan spam
terima kasih salam serum,bukan spam
bara gimana tips biar makan gitu,bukan spam
bencong,spam
mukbangnya gak kaya biyasanya,bukan spam
mantappppp,spam
mantappppppp,spam
ngiler bgt,spam
untung makan enak,bukan spam
masak sambal nyannti sakit perut,bukan spam
pulau riau orang melayu nasi lemak riau daerah melayu khas sendiri cita nasi lemak,bukan spam
nemu aja ide,bukan spam
coba nasi liwet khas sunda,bukan spam
semangat konten,bukan spam
orang kuta kaltim nama sanga cabe cabe bumbu diboreng,bukan spam
mukbang istri lo,bukan spam
super mantap kak,spam
super mantap,spam
lucu,spam
mantap,spam
laper,spam
bikin prank makan,bukan spam
ajak gua makan,bukan spam
oy colab ama creator,bukan spam
indonesia gak yah nasi lemak kota tegal provinsi jawa,bukan spam
ken nyoba gimana,bukan spam
haduh laparrrr,bukan spam
warga indonesia moga sihat,bukan spam
amin,spam
nasi lemak indonesia,bukan spam
woi,spam
komen,spam
apasih,spam
mantap,spam
kun bikin ngiler aja,bukan spam
mukbang falshbeck pas lu kosan,bukan spam
gw tau lo sendawa,spam
gw mantan subscribernya butuin subscriber doank sbg bkn kaum overproud bikin gw sadar kasih kpd org ga gw butuhin gw jg bljr tuh yutuber,spam
ga butuh lu bro,spam
seru seru langsung aja klik link gas linknya,spam
mumbang mkn nasi padang lgenak nengokyjg ngiler,bukan spam
telor ayam sayur wowo makan enak iya coba nasih iya masak enak bikin coba coba sambel enak banget mantap iya benar oke kakaka habis makan iya suka nonton bareng rame komentar iya wowo mantapmatap kakak makan,spam
bawang putih,spam
bawang merah,spam
cili kering,spam
garam,spam
gula,spam
yann adp nkri harga tahi,spam
kharisma nkri harga tahi,spam
kharisma lo gak wkwkkw lembek,spam
tq bro kun smga sht barokah,bukan spam
hadir mantul mantul,spam
assalamualaikum hadir moga sehat,spam
jajan makan kalimantan selatan bnyk makan khas,spam
mantap,spam
bagi,spam
nyoba bikin nasi lemak mantap,bukan spam
pakek peyek mantap,bukan spam
malaysia kabupaten kah,bukan spam
uenakk lapar goda,bukan spam
kru balik layarsisain untk gua gua butuh makan,bukan spam
tanboyyuummmyyyyngedit gihh gua kasih,bukan spam
nasi lemak brutal,bukan spam
gokil nasi lemak sultan,bukan spam
tan boy kun sya orang malaysia recommended makan asam pedas malaysia makan nasi auto full sedappp,bukan spam
kun makan bakso lava donh,bukan spam
nasi lemak malaysia sedapnyaa,bukan spam
kingd fanny nkri harga tahi,spam
mntp tampil juara dah lu sanggup moga sehat biar mukbang kyak gni,bukan spam
tumben makan dikit,bukan spam
cinta nasi lemak hadir speechless makan pake wagyu hahaha sultan benerrrr,bukan spam
bikin pgn aja neh bapack kos,bukan spam
santai aja ngab tanboyy pelan aja kek abad aja makan hehehe becanda,bukan spam
terima kasih bara bantu bikin vlog traveling ud byk nonton skg mudah antarin negeri,bukan spam
sedaap,spam
nikmat,spam
laperr,spam
cangcut,spam
ni orang kalo bab,spam
rio firmansyah gw benci komen lu gimana,spam
mantap abu salam malaysia,spam
mantaaaap bgt,spam
menit,bukan spam
perutt perutttukurannya perut gede ce,spam
ngiler gua semangat konten moga sukses amiin,spam
dimalaysia nasi lemak indonesia nasi uduk sambal tumis klu dikalbar pake tempe ikan teriikan bilis plus kacang tanah,spam
judul gamenya,spam
nama porsi dukun,spam
halloo kak,spam
cepat,spam
wow,spam
assalamualaikum,spam
jos pulang sekolah laper laper,spam
wih,spam
ribu,spam
mamaaaaa,spam
hadir nomer,spam
orang,spam
hlo,spam
woww mantap kali,spam
gak komen,spam
komen,spam
ngiler,spam
superrr istimewa,spam
hii,spam
kah,spam
berapa wee,spam
akuuu,spam
sehat,spam
hehe assalamualaikum,spam
weee,spam
pirst,spam
maaf komen mending ngehargain orang jepang atauran tuhan makan gak berisik,spam
kaya lembu lu kalo udh makanbibir lu udh doer,spam
ramen ala itumah mah kek indomie wkwk,bukan spam
jgn sebar orang gak nutup aurat dpt sebab dosa jariah hps aja video,spam
klo liat tipe mie gak autentik jepang liat ramen jepang banyak mie lurus,bukan spam
seruuu yaaa wenaaak,bukan spam
gw suka lo suap lo bilang bissmillah,bukan spam
salfok waiters duduk ngintip dr pintu gtuwkkkkk,bukan spam
udah napa nambah mulu gw kenyang wkwkwkwkw,bukan spam
ngintip dalem hati ngomong,bukan spam
salfok pengunjungpegawai ngerekam kun makan,bukan spam
ente kadang kadang ente habis mangkok ramen,bukan spam
xnxx komentar daerah negeri rumah iindo,spam
pegawai ngintip,bukan spam
kun moga habis makan mie pantat gak numbuh bisul kayak gue,bukan spam
ngiler puuooolll httpsyoutubeejyfakplyya,spam
ken ramen,bukan spam
ramen naruto,spam
maksud,spam
mantul httpsyoutubesuyqowltmym,spam
mie ayam enak,spam
yap betull,bukan spam
nan,spam
naruto,spam
ih,spam
tuju like,spam
wow,spam
last fight httpsyoutubefhtnqeqqc,spam
jepang,bukan spam
sukses semangat jalan hidup amin httpsyoutubemodirzimw,spam
last fight httpsyoutubeyyfghy,spam
video cewek viral tiktok,spam
ubah matahari rumus matematika httpsyoutubetxkrvpq,spam
bagi,spam
link beli produk matras yoga mat alas olahraga karpet senam fitness brand,spam
nation httpsshopeeezlwxtmuu,spam
happyfit httpsshopeeepflozaz,spam
lululemon httpsshopeeeukfebxufl,spam
kiwikana httpsshopeeeanebq,spam
light speed httpsshopeeeqqoca,spam
goto httpsshopeeepfldgnfu,spam
miniso httpsshopeeefxexogqrt,spam
speeds httpsshopeeewtmytdwg,spam
miisoo httpsshopeeevdolflutm,spam
angola httpsshopeeekfsxhzsgt,spam
samono httpsshopeeekqxlbuslr,spam
sunmee httpsshopeeelfsdpu,spam
agnite httpsshopeeelmwoadj,spam
elfs anti licin httpsshopeeesucvul,spam
hilon official httpsshopeeevewtyiqhn,spam
uzair anti slip httpsshopeeezvrsqbgql,spam
matras yoga httpsshopeeefjtfxn,spam
ace berwyn httpsshopeeekjxlsef,spam
antarestar httpsshopeeeqmbpru,spam
svarga httpsshopeeepqubrl,spam
nirvana httpsshopeeekbchnwam,spam
kerokoo httpsshopeeewunhksc,spam
decathlon httpsshopeeefojwnvji,spam
manduka httpsshopeeepjdknty,spam
liforme httpsshopeeeevvwnzv,spam
kettler httpsshopeeekansns,spam
moonchi httpsshopeeekqysfgzew,spam
moga manfaat informasi,spam
targetbodygoals workout senamaerobik,spam
matras matrasolahraga yogamat alasyoga,spam
alasolahraga karpetsenam karpetfitness,spam
andimakuro wibu bau bawang,spam
tanboykun mukbang babi httpsyoutubeebfuzne,spam
uang hnya hp httpsyoutubewlexoweyk,spam
kerennn,spam
spam mulu sih,spam
gw komen,spam
mantul,spam
anjay ngiler,spam
lop ayang,spam
ho oh tenan,spam
brayyy,spam
ken nyobain,spam
yahhh kalah duluann,spam
yah telat menit,spam
mnit,spam
tonton aj,spam
first,spam
tenan,spam
jos,spam
sehat,spam
kon,spam
salam belitang,spam
salam dri belitung,spam
kampung gw jga tuh,spam
hooh tenan,spam
semangat bangg,spam
yohohoho,spam
sehat,spam
salfok kaos kaki beda lohada ngeh ga,bukan spam
vlog ketawa hahahaha thank you udah bikin mood positif pagi,bukan spam
kalo makan,bukan spam
lempeng banget dah,bukan spam
closingannya ngitung nginstruksiin sapa,bukan spam
kaos kaki beda belah,bukan spam
refleks duta lamar,bukan spam
melek parah lihat,bukan spam
obrol ringan seruuu,bukan spam
gk capek bolak jepang jakarta,bukan spam
itu kenalya koh rudi nggak nonton tanding badminton mumpung japan open waseda boys suruh nonton biar seru nonton badminton kasi tu kemot dkk kenal indonesia banding jepang,bukan spam
seruu bngt bikin konten day in my life ka jeromm,bukan spam
kak cantik bgt allah ihh,bukan spam
vidi aldiano banget minjemin raket suruh pilih raket putus bilang gapapa pantesan orang temennya,bukan spam
seru bikin gank aja,bukan spam
masyaallah moga manfaat berkah ilmu aamiin,bukan spam
ka vidi be like yes jadwal lamar wkwk,bukan spam
fadil pendek tinggi,bukan spam
jerrr jujur suka konsep vlog santai kayak ginii,bukan spam
balik keinget waseda boys pas main raket makan,bukan spam
seru banget,bukan spam
wahhhhhh duta persahabatannn,bukan spam
sebenernya vidi orang curiga vidi kuat super belah amoeba,bukan spam
upload video day in my life aja seru,bukan spam
rileks hibur,bukan spam
hahaha ngakak bgt mood bgt,bukan spam
seru seringsering vlog kaya gin,bukan spam
harta,spam
tahta,spam
seru bangeeeeeeeeeet daily lifenya aja inspirasi huhu banyakin konten giniiiiiiiiiii,bukan spam
seru bgt jeerrr bikin konten kaya gin yaa,bukan spam
prbedaan klo ngedit sndri edit orng,bukan spam
udah cringe edit lebay garing pas tonton enak simple gin,bukan spam
nyoba bekuin pacar biar gak bosen,bukan spam
erika jakarta kayak lg sibuk bangt smp ga sempet jaln brg,bukan spam
manusia,bukan spam
seru bgttt plis bikin lg konten random,bukan spam
tetep sukak jerr,bukan spam
salpok kaos kaki belah,bukan spam
vidi duta sahabat,bukan spam
woy bangun tidur aja gans parah,bukan spam
suka ngevlog gin,bukan spam
tunggu post konten jessica jane,bukan spam
suara keren bgt,bukan spam
geraldine woyy,bukan spam
full senyum nonton nyaaa,bukan spam
nexs dufan barang seru kali yaaa,bukan spam
bikin konten bareng erika ga sih,bukan spam
kangen banget konsep konten kayak gin serasa liat konten akun polin akun nihongo mantappu keren bangett jeromee,bukan spam
receh banget ngakak banget kaos kaki,bukan spam
fun fact aldiano alhamdulillah nongol,bukan spam
seru bgttttt wkwkwkwkwk,bukan spam
seru bgt pdhl durasiny lumayan asa cepet bgt,bukan spam
lamar,bukan spam
vlog bareng jessica jane ksk,bukan spam
waku waku,bukan spam
nungguin vlog bareng jane,bukan spam
asik bangett bikin pleasee,bukan spam
please more vlog jerrrr seru ama vidi,bukan spam
busettt mobil geraldine,bukan spam
ayo day in my life,bukan spam
ci jane,bukan spam
salting grogi mobil mainin tripod wkwk,bukan spam
ngumpul gin yak seru ngakak sih wkwkkw,bukan spam
kaos kaki beda belah woeeee wkwkwkwwk,bukan spam
laku rendem orang indo kalo bangun tidur,bukan spam
lukas selesai kuliah jepang,bukan spam
harusss olahragaa bareng lagiiiiii,bukan spam
ngehibur bgttt woii,bukan spam
join mabar hahaha,bukan spam
suka banget sm video,bukan spam
sumpaa lu inspirasi gua jeromeeee,bukan spam
selamat kak vidii kak anyaaaa bahaya circle tolong,bukan spam
nyambung aja receh wkkwkwkwkwk,bukan spam
asik bgt we pen gabung,bukan spam
dimanamana vidi,bukan spam
salam palembang,bukan spam
menariikkk,bukan spam
day in my life aja gausah daily vlog,bukan spam
malaysia,bukan spam
tunggu pasu ghoib,bukan spam
biasa,bukan spam
seringsering bikin konten day in my life gin bangg,bukan spam
seruu ayo kaya gin lagi hehe,bukan spam
suka konte jerom,bukan spam
tau singkat aldiano,bukan spam
sumpah nonton aja seruuuu,bukan spam
buy get seru abis ngakak bgt ngeliat randoman hahahahaha,bukan spam
aaaa seru banget banget bangett,bukan spam
fadil seru ngakak vidi randoman nyambungggg sukaaaa vidio iniii,bukan spam
cantik banget gilaaaa,bukan spam
vidi masuk semua circle mantabb euy,bukan spam
alhamdulillah nongol,bukan spam
bener humble deh sm fadil gak jaim wlopun ketemu,bukan spam
trio,bukan spam
video ketawa liat teman kak vidi kak fadil kak ama lanjut,bukan spam
konten ga nge bosenin hibur bikin ketawa sehat sehat,bukan spam
nice,bukan spam
kalo bangun tidur ingus,bukan spam
komen,spam
waw ratus,spam
yoooooooo,spam
gercep,spam
slalu hibur deh mahhh,spam
wih gercep wk,spam
gerceppp,spam
like ratus dooong,spam
smngt bikin konten,spam
halo moga semangat bikin video,spam
finaally,spam
langsung cussss nonton kerandaman fadil vidi,spam
kecepetan ini,spam
aw,spam
halooo,spam
wanjayyy keduaaa,spam
ngomen,spam
yey,spam
jakarta hadir,spam
banget huuuuu,spam
gile,spam
ihiyyyy,spam
waoowwww,spam
septriani regita cahyani asli kota kabupaten,spam
hallo salam kenal septriani regita cahyani,spam
wew,spam
pertamaaaa,spam
komen,spam
wehh,spam
finally,spam
ahhhh akhirnyaaa tayangggg,spam
first ni,spam
gercep jerrr,spam
first hehehe,spam
ngakak bgt,spam
yuhuuu dtunggu up,spam
nt kadang nt,spam
suka bgt,spam
telat ga niii,spam
yaaa,spam
jeromeee,spam
haha,spam
keren banget konte,spam
halo ka,spam
sapa ka team gercep nihh,spam
haloo bangg,spam
wuhuu upload,spam
halo,spam
first,spam
firstt,spam
first,spam
waaa ditunggutunggu gercep bangett,spam
baangg,spam
asikk gercep lagiiiii,spam
abang sayang,spam
gercep bet,spam
edit editor gais gausa panickk foto gugel,spam
edit njir,spam
klo edit mantep bngettt sh ngga tara woyy,spam
aaaaaaa sungai ituu adek spupu ku sampe nang,bukan spam
kangen empat vlog dijepang,bukan spam
sempet lihat botol aqua ngambang aj orang sadar,bukan spam
gaes sadar ngga sh pas end video jalan plng yng ka nyorot tanah samping pohon bngett gaes ilanggg,bukan spam
gaes sadar ngga sh pas end video yng ka nyorot tanah samping pohon bngett gaes ilanggg,bukan spam
emng pocong situ,bukan spam
ken ikutaaan huhu,bukan spam
penasaran reaksi orang jepang lihat konten,bukan spam
ehhada horor gak siihhhkak liat menit dehpas kamera nunjukin depan pohon tuhkok kayak poci cobak ulang lohpas kamera eh gak deh poci jelasin takut salah liat,bukan spam
auto pake backsound bolang,bukan spam
link beli xiomi smart tv powered by android tv,spam
shopee mall juta httpsshopeeefrbraev,spam
layar inch juta httpsshopeeefglbbm,spam
layar inch juta httpsshopeeeaefckdwvr,spam
layar inch juta httpsshopeeeajqtxqgc,spam
layar inch juta httpsshopeeeuduitnmr,spam
menit tampak pocong,spam
sumpah keren banget sungai kaya gin jaga banget asli alam,spam
bersih sayang bgt td liat botolbotol bekas,spam
bner liat,spam
menit nyadar ga cepet bgt terbang baju putih asli merindiinnngggg akuuuuuuu takuttttt,spam
kesana emang keren sih top,spam
lumayan hibur nonton,bukan spam
eh pocong sih,bukan spam
ehh hantu pocong,bukan spam
suka bgd edit ngkk mulu,bukan spam
sih penampakanya,bukan spam
mooddd bgttt kalo yusuke bilang bahayaa wkwkwkwk,bukan spam
menit pocong menit miss kunti,bukan spam
cari gaharu panen madu aws entup tawon hahahaha bolang hehe medan minum air sumut air langsung minum hehe masq bulet tuk mas pingin bikin rumah mungil tepi sungai air terjun mandi langsung nyebur surga dunia joko tarup nawang wulan kslau situ ngga pulang hahaha gila hahaha sibuk kampung masq,spam
sampah aqua air orang kssana sengaja kah buang sungai sayang banget pdhal air bersih,bukan spam
gak nyangka waseda boys tempat tempat gak ubah kesana kyaknya,bukan spam
kasi,spam
liat pocong ngk sih,bukan spam
sampah botol warna air jernih,bukan spam
menit liat bgt,bukan spam
next time coba deh collab bareng tesei marukawa pamain bola jepang main liga indonesia,bukan spam
mata ku doang salah lihat coba slowmo menit,bukan spam
moga depan wisata kelola dgn jlur kyk gtu tingkat selamat ditingkatka biar maj,bukan spam
kocak bgt muka yusuke,bukan spam
otsuka gak channel youtube sii,bukan spam
kesiniiii,bukan spam
massa allah air jernih bgt,bukan spam
asa horror,bukan spam
pengennnnnnindah bangettttt,bukan spam
bagus bgt air bening,bukan spam
telepon kali nyambung tahu anak teman bahaya seru tuhan selamat sambung jesse bilang bhw mrk teriak mohon tolong tuhan situasi bayang tomo cerita bhw teriak mati,bukan spam
sedih bgttt pas liat sampah ngambang bagus tolonglahhh,bukan spam
sayang banget ngelihat sampah plastik sungai bersih,bukan spam
video habis series trip,bukan spam
yusuke emang kocak nonton seru banget liat reaksi waseda boys,bukan spam
gw like tuh,spam
detik,spam
pertamax,spam
hi,spam
semangat ngonten,bukan spam
sehat,bukan spam
yey,spam
subs btw,spam
kahhh,spam
halooo,spam
nohhh,spam
hai kak,spam
yey,spam
gercep bundd,spam
hello,spam
beneran inimah,spam
gg editor,bukan spam
ngeri njir,spam
gassspolll,spam
ga hitomi sepi,bukan spam
music theme mli klasiksangat nostalgic,bukan spam
ayo jt subscribers,bukan spam
seru bangettt hahahahagah,bukan spam
editor magang mli,bukan spam
makasih mas udah koleb bareng oscar oasis logika,bukan spam
satt serasa nonton channel mli,bukan spam
dustin ok bonceng aja tin lu bilang kagebunshin,bukan spam
the real zero logic,bukan spam
edit jerom polin mli bat wkwkwk,bukan spam
aja udah wahhh tretan,bukan spam
anjiirrr edit ken siaraan,bukan spam
rap kali duatin batuk,bukan spam
bikin ulah tretan muslim laku httpsyoutubezuvmhypqja,spam
wadoh telat nnton ga liat notif,bukan spam
liat thumbnailnya aja udh ketawa,bukan spam
wkakakak,spam
gasss,spam
gin collab idola sayang dustin tretan,bukan spam
keren kolaborasi hyena kongo pawang,bukan spam
link beli iphone new shopee mall,spam
jakarta utara ibox official pusat iphone httpsshopeeeqflibvg,spam
jakarta selatan digimap official gratis ongkir rupiah,spam
httpsshopeeelaoskdfr,spam
jakarta utara erafone shopee httpsshopeeepzcftnyt,spam
jakarta utara free ongkir rupiah httpsshopeeefjncvpgoj,spam
moga manfaat temanteman,spam
tes logika orang logic wkwkw,bukan spam
next colab dustin sony wakwaw,bukan spam
kombinasi duga,bukan spam
coba adu mekanik bene dion official klian bataks pintar dn cerdas,bukan spam
hasbul wafi kyknya dah httpsyoutubearmjclonk,spam
serius nanya jepang nemu model kayak dustin gak,bukan spam
kalo gak nemu coba tolong bawa jepang cloning ken tau jepang,bukan spam
haloo,spam
maaf konten pilih dustin wkwkwkw,bukan spam
setujuuu,spam
collab terngakak,bukan spam
wkk,spam
coba ajak colleb anak sma,bukan spam
kelasss,spam
semangat kak,bukan spam
hai,spam
nihhh,spam
horas,spam
wahhhhhh,spam
bikin video reaction to upacara merdeka indonesia,bukan spam
ayok ramein gaes,spam
vlog pulau samosir,spam
httpsyoutubekammass,spam
gaaaaasssss,spam
horaaaaaaaaas,spam
nias,bukan spam
semangat sumatra utara lupa kota,bukan spam
akirnya abang pulang kampung jugak,bukan spam
ubah nama rumus matematika httpsyoutuberzdlngle,spam
mantaps,spam
mntap,spam
pin,spam
komen,spam
firs detik,spam
kangen waseda boys,bukan spam
ga telat,spam
partama,spam
gajadi ekwkw,spam
wowowowowowoowowowoowowowowowow,spam
nihh kak sapa plss kak banggain mama kukoko ku papa ku,spam
hallo,spam
aujsjs,spam
komen,spam
komen mantap jiwa horassss,spam
yuhuyyy,spam
lu first,spam
yaa,spam
sehat semangat jugaa konten,bukan spam
lo first,spam
lambattt,spam
trlalu konten bikin bosan liat,bukan spam
suka ekspresi orang video sayang edukatif jelas makan direview tutup daging babi alas toleransi takut dislike teman konsumsi daging babi alas,bukan spam
indonesia agam ras budaya makan baik edukasi agam indonesia nyata empat konsumsi daging babi pantang masyarakat indonesia tahu teman konsumsi babi mes makan,bukan spam
toleransi muncul paham terima beda tutup beda,bukan spam
menu makan,spam
babi panggang karo daging babi masak panggang,spam
sambal andaliman babi panggang karo buat dr campur darah babi cabe bumbu andaliman,spam
saksang daging babi masak darah babi,spam
ikan mas arsik ikan mas masak bumbu kuning kecombrangrias sayur kacang,spam
daun singkong tumbuk daun singkong tumbuk masak jahekecombrang bawang dll,spam
kidukidu usus babi isi daging cincang babi campur sayur daun singkong,spam
hehhe,spam
turut daging babi mknan non halal info gaperlu lohh muslim paham ko lbh bahaya klo gk info takut muslim gatau ehh makan saksang,bukan spam
imut bangett muka otsuka pas senyum ketawa pas nyium bau panggang,bukan spam
bagus channelnya,spam
subscribe,spam
suka nonton film kungfu serusalam sukses,spam
seru parah liat waseda boys jeromesemangat pokok moga jt subs,bukan spam
mantaap,spam
wkkwkkwwkkwk,spam
mantap jerr,spam
menit,spam
gak cupu,spam
kenal,spam
butuh aku,spam
wow udah bikin vidio,spam
detik laalu,spam
abang apload video,spam
mantap jiwaaaaa,spam
timmm gercep,spam
hallo kak,spam
yuhuu,spam
keduaaaa,spam
ni,spam
haloo,spam
halo kakk,spam
uwahhh,spam
yeayy up,spam
hadir,spam
pertamaaaaaa nihhhh tonton setiaaa semangat jerrr,spam
sapa kak,spam
hihiyy,spam
hadir hehe,spam
yuhuuuuu,spam
woiii lahhh,spam
satset,spam
pertamaa yeay,spam
absennn,spam
uwu,spam
maling telo apes httpsyoutubelgplmtfpw,spam
menit,spam
menit,spam
menit,spam
lebayyy,spam
kah,spam
hay,spam
semangat kak jes,spam
tonton njay,spam
ga tau,spam
ga banh,spam
anjay gw,spam
hadirr,spam
haloooo,spam
nonton komen,spam
pertamaaaaa,spam
bangg jes,spam
wehhh,spam
woy,spam
halo kak jes,spam
hi,spam
lope,spam
wow,spam
widihhhh,spam
httpsyoutubezlzoflxw gilaa pake ling lebih albert rem klo ketemu rank orang sampe savage kill,spam
mampir chanelku yukk kka abdel,spam
mampir chanelku yuk kak boy,spam
mampir chanelku yuk kak arya,spam
mampir chanelku yuk kak anwar,spam
mampir chanelku yuk kak mustika,spam
mampir chanelku yuk mam aisya,spam
mampir chanelku yuk kak abraham,spam
mampir chanelku yuk kak kumis,spam
mampir chanelku yuk kak jefri,spam
mampir chanelku yuk kak conan,spam
mampir chanelku yuk kak korea,spam
spesial subscriber hadiah tarik diamond mobile legend total nila rupiahdiamond subscribe channel sarw gaming komen tarik cantum id akun mobile legend lupa like share tonton videovideo menang undi acak diumumin instagram ahmadsarww dichannel youtube sarw gaming biar gak tinggal info silah follow instagramnya nyalain tanda lonceng link youtubenya,spam
hadeh,spam
aloooo,spam
wkwkwkw,spam
wadoooh,spam
sabar,spam
aduhh,spam
botak,spam
ni jesss,spam
anjr dah rame,spam
hadir,spam
hai,spam
hallo kak jes,spam
ko,spam
hadir,spam
komen,spam
hadir bangg,spam
jir,spam
parah,spam
pertamaaa,spam
hlo,spam
